,count,mean,std,min,25%,50%,75%,max
pIC50,1513.0,6.521990893588896,1.3424169311061227,2.5445461,5.5850267,6.7619538,7.54,10.522879
